Produkt,Preis,Seite
Ja! Natürlich Vollmilch länger frisch 3.5%,"1,79 €",https://shop.billa.at/kategorie/kuehlwaren-13841
Clever Haltbar-Vollmilch 3.5%,"1,19 €",https://shop.billa.at/kategorie/kuehlwaren-13841
Clever Toastschinken,"2,69 €",https://shop.billa.at/kategorie/kuehlwaren-13841
Clever Österreichische Teebutter,"2,39 €",https://shop.billa.at/kategorie/kuehlwaren-13841
Ja! Natürlich Butter,"3,19 €",https://shop.billa.at/kategorie/kuehlwaren-13841
BILLA Freilandeier M,"2,99 €",https://shop.billa.at/kategorie/kuehlwaren-13841
Da komm ich her! Freilandeier L,"3,99 €",https://shop.billa.at/kategorie/kuehlwaren-13841
Clever Vollmilch länger frisch 3.5%,"1,29 €",https://shop.billa.at/kategorie/kuehlwaren-13841
Hofstädter Faschiertes gemischt,"5,99 €",https://shop.billa.at/kategorie/kuehlwaren-13841
Formil Haltbarmilch 3.5%,"1,69 €",https://shop.billa.at/kategorie/kuehlwaren-13841
Clever Haltbarmilch 0.5%,"0,99 €",https://shop.billa.at/kategorie/kuehlwaren-13841
Clever Schlagobers 36% länger frisch,"1,39 €",https://shop.billa.at/kategorie/kuehlwaren-13841
Ja! Natürlich Feta,"2,29 €",https://shop.billa.at/kategorie/kuehlwaren-13841
nöm l.free Halbfettmilch 1.8%,"1,79 €",https://shop.billa.at/kategorie/kuehlwaren-13841
Clever Hendlfilet,"8,39 €",https://shop.billa.at/kategorie/kuehlwaren-13841
Clever Ungarische Salami,"1,99 €",https://shop.billa.at/kategorie/kuehlwaren-13841
Clever Sauerrahm 15%,"0,89 €",https://shop.billa.at/kategorie/kuehlwaren-13841
Ja! Natürlich Hendlfilet,"31,99 €",https://shop.billa.at/kategorie/kuehlwaren-13841
Clever Eier aus Bodenhaltung M,"3,29 €",https://shop.billa.at/kategorie/kuehlwaren-13841
BILLA Bio Haltbarmilch 3.5%,"1,59 €",https://shop.billa.at/kategorie/kuehlwaren-13841
Berger Wellness Schinken Geschnitten,"2,59 €",https://shop.billa.at/kategorie/kuehlwaren-13841
BILLA Heumilch länger frisch 3.6%,"1,59 €",https://shop.billa.at/kategorie/kuehlwaren-13841
Ja! Natürlich Sauerrahm 15%,"1,09 €",https://shop.billa.at/kategorie/kuehlwaren-13841
Clever Mozzarella,"0,99 €",https://shop.billa.at/kategorie/kuehlwaren-13841
Ja! Natürlich Laktosefreie Vollmilch 3.5%,"1,79 €",https://shop.billa.at/kategorie/kuehlwaren-13841
Clever Extrawurst Geschnitten,"1,99 €",https://shop.billa.at/kategorie/kuehlwaren-13841
Ja! Natürlich Frankfurter,"3,99 €",https://shop.billa.at/kategorie/kuehlwaren-13841
Ja! Natürlich Bio Heumilch,"1,99 €",https://shop.billa.at/kategorie/kuehlwaren-13841
Clever Hendlschnitzel,"6,29 €",https://shop.billa.at/kategorie/kuehlwaren-13841
Ja! Natürlich Mozzarella,"1,65 €",https://shop.billa.at/kategorie/kuehlwaren-13841
Ja! Natürlich Kaisersemmel,"0,44 €",https://shop.billa.at/kategorie/brot-und-gebaeck-13766
Ölz Super Soft Sandwich,"3,69 €",https://shop.billa.at/kategorie/brot-und-gebaeck-13766
Ja! Natürlich Kornspitz,"0,95 €",https://shop.billa.at/kategorie/brot-und-gebaeck-13766
Ja! Natürlich Roggenbrot Pur,"4,15 €",https://shop.billa.at/kategorie/brot-und-gebaeck-13766
Clever Brötchen zum Fertigbacken,"0,89 €",https://shop.billa.at/kategorie/brot-und-gebaeck-13766
Clever Knopfsemmel,"0,25 €",https://shop.billa.at/kategorie/brot-und-gebaeck-13766
Laugenfussball,"0,99 €",https://shop.billa.at/kategorie/brot-und-gebaeck-13766
Langsemmel,"0,44 €",https://shop.billa.at/kategorie/brot-und-gebaeck-13766
Ja! Natürlich Kärntnerbrot - Mehl aus Österreich,"4,99 €",https://shop.billa.at/kategorie/brot-und-gebaeck-13766
Ölz Buttertoast,"3,99 €",https://shop.billa.at/kategorie/brot-und-gebaeck-13766
Ja! Natürlich Dinkelvollkornweckerl,"1,29 €",https://shop.billa.at/kategorie/brot-und-gebaeck-13766
Sinnack Kaiserbrötchen,"1,79 €",https://shop.billa.at/kategorie/brot-und-gebaeck-13766
Dachsteinbrot,"4,29 €",https://shop.billa.at/kategorie/brot-und-gebaeck-13766
Ja! Natürlich Mischbrot,"2,49 €",https://shop.billa.at/kategorie/brot-und-gebaeck-13766
Clever Krustenbrot,"1,59 €",https://shop.billa.at/kategorie/brot-und-gebaeck-13766
Marille Krapfen 4er,"4,76 €",https://shop.billa.at/kategorie/brot-und-gebaeck-13766
Harry Steinofenbrot,"2,99 €",https://shop.billa.at/kategorie/brot-und-gebaeck-13766
Super Sandwich,"2,99 €",https://shop.billa.at/kategorie/brot-und-gebaeck-13766
Ja! Natürlich Rustikales Bio-Weißbrot,"3,55 €",https://shop.billa.at/kategorie/brot-und-gebaeck-13766
Sinnack Unsere Besten,"1,79 €",https://shop.billa.at/kategorie/brot-und-gebaeck-13766
Clever Milchbrötchen,"1,69 €",https://shop.billa.at/kategorie/brot-und-gebaeck-13766
Clever Knoblauchbaguette,"0,99 €",https://shop.billa.at/kategorie/brot-und-gebaeck-13766
Baguette,"0,99 €",https://shop.billa.at/kategorie/brot-und-gebaeck-13766
Clever Laugenbreze,"0,49 €",https://shop.billa.at/kategorie/brot-und-gebaeck-13766
Aborigines Weckerl - Mehl aus Österreich,"1,39 €",https://shop.billa.at/kategorie/brot-und-gebaeck-13766
Butter-Apfeltasche,"1,49 €",https://shop.billa.at/kategorie/brot-und-gebaeck-13766
Ölz Dinkel Toast,"2,85 €",https://shop.billa.at/kategorie/brot-und-gebaeck-13766
Roggenbrot,"3,49 €",https://shop.billa.at/kategorie/brot-und-gebaeck-13766
Clever Weizentoast,"0,99 €",https://shop.billa.at/kategorie/brot-und-gebaeck-13766
Ölz Mehrkorntoast,"3,59 €",https://shop.billa.at/kategorie/brot-und-gebaeck-13766
