Kategorie,Produkt,Preis,Link
c,Kantwurst,"2,99 €",https://www.interspar.at/shop/lebensmittel/s-budget-kantwurst/p/2020004358080
c,Bio-Toast-Schinken,"2,89 €",https://www.interspar.at/shop/lebensmittel/spar-naturpur-bio-toast-schinken/p/2020004276841
c,Käsewurst per Stück,"4,99 €",https://www.interspar.at/shop/lebensmittel/tann-kaesewurst-per-stueck/p/3151488
c,Bratwurst dick per Packung,"4,59 €",https://www.interspar.at/shop/lebensmittel/tann-bratwurst-dick-per-packung/p/3324165
c,Rinds-Rumpsteak SKIN,"28,99 €",https://www.interspar.at/shop/lebensmittel/tann-rinds-rumpsteak-skin/p/1106282
c,Prosciutto Crudo,"5,29 €",https://www.interspar.at/shop/lebensmittel/spar-premium-prosciutto-crudo/p/1243369
c,Bio-Ente Keulen,"9,99 €",https://www.interspar.at/shop/lebensmittel/spar-naturpur-bio-ente-keulen/p/2020004764614
c,Bratwurst dünn per Packung,"4,99 €",https://www.interspar.at/shop/lebensmittel/tann-bratwurst-duenn-per-packung/p/3324172
c,Rindsgulasch,"7,49 €",https://www.interspar.at/shop/lebensmittel/tann-in-vorarlberg-hausgemacht-rindsgulasch/p/2020003986642
c,Krakauer per Stück,"5,49 €",https://www.interspar.at/shop/lebensmittel/holzbauer-krakauer-per-stueck/p/4621515
c,Rosmarinschinken,"2,19 €",https://www.interspar.at/shop/lebensmittel/tann-rosmarinschinken/p/3765470
c,Extra-Pikant per KG,"1,59 €",https://www.interspar.at/shop/lebensmittel/tann-extra-pikant-per-kg/p/6986759
c,Schweins-Schnitzelteile in SB-Packung,"10,99 €",https://www.interspar.at/shop/lebensmittel/tann-schweins-schnitzelteile-in-sb-packung/p/3286203
c,Bio-Ente,"35,99 €",https://www.interspar.at/shop/lebensmittel/spar-naturpur-bio-ente/p/2020003540257
c,Tiroler Kaminwurzerl Classic per Packung,"2,99 €",https://www.interspar.at/shop/lebensmittel/tann-tiroler-kaminwurzerl-classic-per-packung/p/2020003113802
c,Bio-Hendl Filet sous-vide vorgegart 2 Filets,"26,99 €",https://www.interspar.at/shop/lebensmittel/spar-naturpur-bio-hendl-filet-sous-vide-vorgegart-2-filets/p/2020004338518
c,Rinds-Schulterscherzl,"20,99 €",https://www.interspar.at/shop/lebensmittel/tann-rinds-schulterscherzl/p/835763
c,Salami Milano,"3,79 €",https://www.interspar.at/shop/lebensmittel/spar-premium-salami-milano/p/1243277
c,Kalbsbratwürstel,"3,99 €",https://www.interspar.at/shop/lebensmittel/s-budget-kalbsbratwuerstel/p/2020003910449
c,Lachsforellenfilet geräuchert,"3,49 €",https://www.interspar.at/shop/lebensmittel/s-budget-lachsforellenfilet-geraeuchert/p/2020004641366
c,Bio-Rinds-Gulasch,"20,99 €",https://www.interspar.at/shop/lebensmittel/spar-naturpur-bio-rinds-gulasch/p/6067168
c,Jausenwurst per Stück,"4,99 €",https://www.interspar.at/shop/lebensmittel/s-budget-jausenwurst-per-stueck/p/2020000772507
c,Presswurst per KG,"1,39 €",https://www.interspar.at/shop/lebensmittel/tann-presswurst-per-kg/p/3068090
c,Bio-Schweins-Schnitzel,"25,99 €",https://www.interspar.at/shop/lebensmittel/spar-naturpur-bio-schweins-schnitzel/p/6278694
c,Toastschinken XXL per Packung,"4,04 €",https://www.interspar.at/shop/lebensmittel/s-budget-toastschinken-xxl-per-packung/p/2020002853624
c,Rinds-T-Bone-Steak,"34,99 €",https://www.interspar.at/shop/lebensmittel/tann-rinds-t-bone-steak/p/5971619
c,Puten Aufschnitt per Packung,"2,49 €",https://www.interspar.at/shop/lebensmittel/tann-puten-aufschnitt-per-packung/p/2020004112774
c,Bio-Rostbratwürstel,"3,49 €",https://www.interspar.at/shop/lebensmittel/spar-naturpur-bio-rostbratwuerstel/p/3799031
c,Tomahawk-Steak,"23,99 €",https://www.interspar.at/shop/lebensmittel/tann-tomahawk-steak/p/2020001260195
c,Bergwurst geschnitten,"1,99 €",https://www.interspar.at/shop/lebensmittel/s-budget-bergwurst-geschnitten/p/2020003841804
c,Putenextra per 100 g,"1,49 €",https://www.interspar.at/shop/lebensmittel/tann-putenextra-per-100-g/p/2020003887796
c,Backofenleberkäse geschnitten per Packung,"3,09 €",https://www.interspar.at/shop/lebensmittel/tann-backofenleberkaese-geschnitten-per-packung/p/2020001682508
c,Burgunderschinken per Packung,"2,19 €",https://www.interspar.at/shop/lebensmittel/tann-burgunderschinken-per-packung/p/6036393
c,Bio-Extrawurst,"1,89 €",https://www.interspar.at/shop/lebensmittel/spar-naturpur-bio-extrawurst/p/2020004112798
c,Bio-Käsekrainer,"3,79 €",https://www.interspar.at/shop/lebensmittel/spar-naturpur-bio-kaesekrainer/p/2020002228125
c,"Zack-Zack Minutensteak vom Schwein, mariniert","12,99 €",https://www.interspar.at/shop/lebensmittel/tann-zack-zack-minutensteak-vom-schwein-mariniert/p/2020003331152
c,Münchner Weisswurst per Packung,"2,79 €",https://www.interspar.at/shop/lebensmittel/tann-muenchner-weisswurst-per-packung/p/6292515
c,Bio-Pulled-Duck,"9,99 €",https://www.interspar.at/shop/lebensmittel/spar-naturpur-bio-pulled-duck/p/2020005696723
c,Käsekrainer,"3,69 €",https://www.interspar.at/shop/lebensmittel/s-budget-kaesekrainer/p/2020004795755
c,Knacker per Packung,"3,49 €",https://www.interspar.at/shop/lebensmittel/tann-knacker-per-packung/p/3324097
c,Rinds-Gustosteak SKIN,"23,99 €",https://www.interspar.at/shop/lebensmittel/tann-rinds-gustosteak-skin/p/2020002627850
c,Bio-Lachsfilet Natur,"7,99 €",https://www.interspar.at/shop/lebensmittel/spar-naturpur-bio-lachsfilet-natur/p/2020003780455
c,Bio-Karree-Speck geschnitten,"3,99 €",https://www.interspar.at/shop/lebensmittel/spar-naturpur-bio-karree-speck-geschnitten/p/7220982
c,Pulled Pork per Packung,"5,99 €",https://www.interspar.at/shop/lebensmittel/tann-pulled-pork-per-packung/p/2020003280030
c,Duroc Würstel-Mix per Packung,"3,39 €",https://www.interspar.at/shop/lebensmittel/tann-duroc-wuerstel-mix-per-packung/p/2020004280596
c,Putenfrankfurter,"3,29 €",https://www.interspar.at/shop/lebensmittel/tann-putenfrankfurter/p/2020003580727
c,Debreziner per Packung,"3,69 €",https://www.interspar.at/shop/lebensmittel/tann-debreziner-per-packung/p/2020004858856
c,Puten-Salami,"2,19 €",https://www.interspar.at/shop/lebensmittel/s-budget-puten-salami/p/2020003424724
c,Maishendl Unterkeulen,"5,99 €",https://www.interspar.at/shop/lebensmittel/spar-feinstes-gefluegel-maishendl-unterkeulen/p/2020004580719
c,Lachsrückenfilet,"8,69 €",https://www.interspar.at/shop/lebensmittel/spar-premium-lachsrueckenfilet/p/2020004328342
c,Schweine-Bauch gefüllt,"12,99 €",https://www.interspar.at/shop/lebensmittel/tann-schweine-bauch-gefuellt/p/6079659
c,Sardellen Paste,"1,99 €",https://www.interspar.at/shop/lebensmittel/s-budget-sardellen-paste/p/2020003965777
c,H-Unterkeulen,"6,39 €",https://www.interspar.at/shop/lebensmittel/s-budget-h-unterkeulen/p/2020004580511
c,Rinds-Beinfleisch,"11,99 €",https://www.interspar.at/shop/lebensmittel/tann-rinds-beinfleisch/p/835183
c,Antipasto Piccante Calabrese,"6,99 €",https://www.interspar.at/shop/lebensmittel/spar-premium-antipasto-piccante-calabrese/p/2020002846367
c,Kaminwurzerl,"4,59 €",https://www.interspar.at/shop/lebensmittel/s-budget-kaminwurzerl/p/2020003192319
c,Heurigenschinken,"2,19 €",https://www.interspar.at/shop/lebensmittel/tann-heurigenschinken/p/2374321
c,Bauernschinken,"1,79 €",https://www.interspar.at/shop/lebensmittel/tann-bauernschinken/p/695404
c,Rauchschinken per Packung,"2,69 €",https://www.interspar.at/shop/lebensmittel/tann-rauchschinken-per-packung/p/2020003109065
c,Weide-Hendl frische Hendlkeulen,"12,79 €",https://www.interspar.at/shop/lebensmittel/spar-premium-weide-hendl-frische-hendlkeulen/p/2020005021990
c,Verhackerts per Stück,"2,49 €",https://www.interspar.at/shop/lebensmittel/tann-verhackerts-per-stueck/p/3101070
c,Rinds-Beiried Rumpsteak,"26,99 €",https://www.interspar.at/shop/lebensmittel/tann-rinds-beiried-rumpsteak/p/835855
c,Frankfurter 8 Stück,"3,39 €",https://www.interspar.at/shop/lebensmittel/s-budget-frankfurter-8-stueck/p/2020003136467
c,Easy Cheesy Griller per Packung,"2,99 €",https://www.interspar.at/shop/lebensmittel/tann-easy-cheesy-griller-per-packung/p/2020005277229
c,Zirbenrauch-Schinken,"2,99 €",https://www.interspar.at/shop/lebensmittel/spar-premium-zirbenrauch-schinken/p/2020004908780
c,Chili-Extrawurst Chili per KG,"1,59 €",https://www.interspar.at/shop/lebensmittel/tann-chili-extrawurst-chili-per-kg/p/2020004713087
c,Putenschinken Natur,"2,19 €",https://www.interspar.at/shop/lebensmittel/spar-vital-putenschinken-natur/p/6386689
c,Rinds-Huftsteak,"29,99 €",https://www.interspar.at/shop/lebensmittel/tann-rinds-huftsteak/p/835947
c,Roasted Beef,"3,49 €",https://www.interspar.at/shop/lebensmittel/spar-premium-roasted-beef/p/2020001324514
c,Puten Rollbraten,"9,59 €",https://www.interspar.at/shop/lebensmittel/spar-feinstes-gefluegel-puten-rollbraten/p/2020004165145
c,Knacker per Packung,"11,99 €",https://www.interspar.at/shop/lebensmittel/tann-knacker-per-packung/p/7943256
c,Wurst-Sticks,"1,89 €",https://www.interspar.at/shop/lebensmittel/spar-enjoy-wurst-sticks/p/2020001595914
c,Faschiertes gemischt in Bedienung,"10,99 €",https://www.interspar.at/shop/lebensmittel/tann-faschiertes-gemischt-in-bedienung/p/835022
c,Beef-Burger,"2,49 €",https://www.interspar.at/shop/lebensmittel/tann-beef-burger/p/2020002360931
c,Pikante Käsewurst,"2,39 €",https://www.interspar.at/shop/lebensmittel/tann-pikante-kaesewurst/p/5284856
c,Bio-Rinds-Huftsteak,"36,99 €",https://www.interspar.at/shop/lebensmittel/spar-naturpur-bio-rinds-huftsteak/p/2020001466856
c,Bio-Salami,"3,29 €",https://www.interspar.at/shop/lebensmittel/spar-naturpur-bio-salami/p/2020002274429
c,Porchetta Toscana,"4,59 €",https://www.interspar.at/shop/lebensmittel/spar-premium-porchetta-toscana/p/2020002571993
c,Putenfilet Schnitzerl,"4,49 €",https://www.interspar.at/shop/lebensmittel/s-budget-putenfilet-schnitzerl/p/2020004643520
c,Rindssuppe,"3,99 €",https://www.interspar.at/shop/lebensmittel/tann-in-vorarlberg-hausgemacht-rindssuppe/p/2020003986796
c,Bio-Senngold Kräuter,"3,29 €",https://www.interspar.at/shop/lebensmittel/spar-naturpur-bio-senngold-kraeuter/p/2020004827807
c,"vegetarisches Sackerl ""Jause""","14,99 €",https://www.interspar.at/shop/lebensmittel/spar-veggie-vegetarisches-sackerl-jause/p/2020003909955
c,Tiroler Schlutzkrapfen,"2,99 €",https://www.interspar.at/shop/lebensmittel/spar-feine-kueche-tiroler-schlutzkrapfen/p/7605246
c,Cremejogurt Kaffee,"0,45 €",https://www.interspar.at/shop/lebensmittel/s-budget-cremejogurt-kaffee/p/1386776
c,Bio-Sauerrahm,"1,75 €",https://www.interspar.at/shop/lebensmittel/spar-naturpur-bio-sauerrahm/p/2020004645616
c,Kalbsbutterschnitzel mit Salzkartoffeln 2 Stück,"3,49 €",https://www.interspar.at/shop/lebensmittel/spar-feine-kueche-kalbsbutterschnitzel-mit-salzkartoffeln-2-stueck/p/7024719
c,Latte Espresso,"0,85 €",https://www.interspar.at/shop/lebensmittel/s-budget-latte-espresso/p/2020002786748
c,Schokopudding mit Sahne,"0,59 €",https://www.interspar.at/shop/lebensmittel/s-budget-schokopudding-mit-sahne/p/1651461
c,Orientalisches Trio Baba Ganoush/Hummus &Rote Rübe 3x70g,"2,79 €",https://www.interspar.at/shop/lebensmittel/spar-veggie-orientalisches-trio-baba-ganoushhummus-rote-ruebe-3x70g/p/4733126
c,veganer Bio-Tempeh Teriyaki-Art,"3,49 €",https://www.interspar.at/shop/lebensmittel/spar-veggie-veganer-bio-tempeh-teriyaki-art/p/2020004211170
c,Bio-Jogurtbutter,"3,19 €",https://www.interspar.at/shop/lebensmittel/spar-naturpur-bio-jogurtbutter/p/2020003611001
c,Bio-Jogurt Griechischer Art 2% Fett,"1,59 €",https://www.interspar.at/shop/lebensmittel/spar-naturpur-bio-jogurt-griechischer-art-2-fett/p/2020002968441
c,Mozzarella Grande,"2,79 €",https://www.interspar.at/shop/lebensmittel/despar-mozzarella-grande/p/7984884
c,vegetarische Käsekrainer 8 Stück,"3,49 €",https://www.interspar.at/shop/lebensmittel/spar-veggie-vegetarische-kaesekrainer-8-stueck/p/2020004114310
c,Bio-Skyr Natur,"1,79 €",https://www.interspar.at/shop/lebensmittel/spar-naturpur-bio-skyr-natur/p/2020002783600
c,vegane Mini-Grill-Würstel,"3,49 €",https://www.interspar.at/shop/lebensmittel/spar-veggie-vegane-mini-grill-wuerstel/p/2020005684133
c,Mascarpone laktosefrei,"2,59 €",https://www.interspar.at/shop/lebensmittel/spar-free-from-mascarpone-laktosefrei/p/2020001633272
c,"Crème fraîche Natur, 32% Fett laktosefrei","0,99 €",https://www.interspar.at/shop/lebensmittel/spar-free-from-crme-frache-natur-32-fett-laktosefrei/p/1634587
c,"Leichtmilch 0,9% Fett länger frisch","1,29 €",https://www.interspar.at/shop/lebensmittel/s-budget-leichtmilch-09-fett-laenger-frisch/p/2020005519879
c,Bio-Gouda aus Heumilch g.t.S.,"4,30 €",https://www.interspar.at/shop/lebensmittel/spar-naturpur-bio-gouda-aus-heumilch-gts/p/2020002469344
c,Huhn-Curry Sandwich,"2,29 €",https://www.interspar.at/shop/lebensmittel/spar-enjoy-huhn-curry-sandwich/p/1457186
c,Bio-Gnocchi 1 Portion,"3,19 €",https://www.interspar.at/shop/lebensmittel/spar-naturpur-bio-gnocchi-1-portion/p/6394691
c,Österreichischer Bergkäse aus Heumilch,"1,59 €",https://www.interspar.at/shop/lebensmittel/s-budget-oesterreichischer-bergkaese-aus-heumilch/p/2020003217210
c,vegane Streichcreme Peppasweet,"1,99 €",https://www.interspar.at/shop/lebensmittel/spar-veggie-vegane-streichcreme-peppasweet/p/2020005336742
c,Fruchtmolke Maracuja,"0,99 €",https://www.interspar.at/shop/lebensmittel/s-budget-fruchtmolke-maracuja/p/2020004891112
c,veganer Bio-Tempeh Black Beans,"3,49 €",https://www.interspar.at/shop/lebensmittel/spar-veggie-veganer-bio-tempeh-black-beans/p/2020004211200
c,Bio-Fruchtmolke Mango,"0,99 €",https://www.interspar.at/shop/lebensmittel/spar-naturpur-bio-fruchtmolke-mango/p/2020003418624
c,Curry-Ingwer-Dressing Curry-Ingwer,"0,99 €",https://www.interspar.at/shop/lebensmittel/spar-enjoy-by-didi-maier-curry-ingwer-dressing-curry-ingwer/p/2020004472809
c,Asiago Stagionato D.O.P.,"2,59 €",https://www.interspar.at/shop/lebensmittel/spar-premium-asiago-stagionato-dop/p/2020001310210
c,Emmentaler gerieben,"2,99 €",https://www.interspar.at/shop/lebensmittel/s-budget-emmentaler-gerieben/p/2020003504587
c,Crème fraîche natur,"0,99 €",https://www.interspar.at/shop/lebensmittel/s-budget-crme-frache-natur/p/7840739
c,Lachs Spaghettini,"3,49 €",https://www.interspar.at/shop/lebensmittel/spar-vital-lachs-spaghettini/p/7022944
c,Liptauer mild,"2,19 €",https://www.interspar.at/shop/lebensmittel/spar-premium-edition-johanna-maier-liptauer-mild/p/2020001460861
c,Chicken-Burger 2 Stück,"2,79 €",https://www.interspar.at/shop/lebensmittel/spar-feine-kueche-chicken-burger-2-stueck/p/5077328
c,Veganer Hummus Natur XXL,"3,49 €",https://www.interspar.at/shop/lebensmittel/spar-veggie-veganer-hummus-natur-xxl/p/3784037
c,Taleggio D.O.P.,"2,39 €",https://www.interspar.at/shop/lebensmittel/spar-premium-taleggio-dop/p/2020001313730
c,Bio-Latte-Macchiato,"1,29 €",https://www.interspar.at/shop/lebensmittel/spar-naturpur-bio-latte-macchiato/p/2020004105400
c,Veganes Bio-Gyros,"2,99 €",https://www.interspar.at/shop/lebensmittel/spar-veggie-veganes-bio-gyros/p/1125412
c,Bio-Frischkäse aus Heumlich mit Kren,"1,59 €",https://www.interspar.at/shop/lebensmittel/spar-naturpur-bio-frischkaese-aus-heumlich-mit-kren/p/2020003532221
c,Bergbauern Bio-Jogurt Himbeer-Granatapfel,"1,95 €",https://www.interspar.at/shop/lebensmittel/spar-naturpur-bergbauern-bio-jogurt-himbeer-granatapfel/p/2020004908339
c,Bärlauch-Aufstrich,"2,19 €",https://www.interspar.at/shop/lebensmittel/spar-premium-edition-johanna-maier-baerlauch-aufstrich/p/2020001627691
c,"Tortellini mit ""Prosciutto di Parma DOP""","3,49 €",https://www.interspar.at/shop/lebensmittel/spar-premium-edition-johanna-maier-tortellini-mit-prosciutto-di-parma-dop/p/1745153
c,Tortelloni mit Ricotta-Spinatfüllung,"2,19 €",https://www.interspar.at/shop/lebensmittel/spar-feine-kueche-tortelloni-mit-ricotta-spinatfuellung/p/6343804
c,Veganes Bio-Kichererbsenragout,"6,99 €",https://www.interspar.at/shop/lebensmittel/spar-premium-edition-paul-ivi-veganes-bio-kichererbsenragout/p/2020005724037
c,Frischkäse Natur laktosefrei,"1,59 €",https://www.interspar.at/shop/lebensmittel/spar-free-from-frischkaese-natur-laktosefrei/p/2888262
c,Bio-Jogurt Erdbeere,"0,79 €",https://www.interspar.at/shop/lebensmittel/spar-naturpur-bio-jogurt-erdbeere/p/2020004405845
c,Hummus Curry-Mango,"2,39 €",https://www.interspar.at/shop/lebensmittel/spar-veggie-by-neni-hummus-curry-mango/p/2020000706359
c,Penne mit Curry & Huhn,"2,79 €",https://www.interspar.at/shop/lebensmittel/spar-enjoy-by-neni-penne-mit-curry-huhn/p/2020001081097
c,Bio-Rahmbrie,"1,99 €",https://www.interspar.at/shop/lebensmittel/spar-naturpur-bio-rahmbrie/p/3201107
c,Thunfisch-Aufstrich,"1,99 €",https://www.interspar.at/shop/lebensmittel/s-budget-thunfisch-aufstrich/p/2020005368859
c,Tortelloni mit Käsefüllung,"3,89 €",https://www.interspar.at/shop/lebensmittel/spar-feine-kueche-tortelloni-mit-kaesefuellung/p/2020001681310
c,Bio-Topfenaufstrich Liptauer Art,"2,59 €",https://www.interspar.at/shop/lebensmittel/spar-naturpur-bio-topfenaufstrich-liptauer-art/p/2020003036651
c,Butterschmalz,"7,69 €",https://www.interspar.at/shop/lebensmittel/s-budget-butterschmalz/p/2020005289321
c,Emmentaler in Scheiben,"4,46 €",https://www.interspar.at/shop/lebensmittel/s-budget-emmentaler-in-scheiben/p/2020005507678
c,veganer Aufstrich Liptauer Art,"1,79 €",https://www.interspar.at/shop/lebensmittel/spar-veggie-veganer-aufstrich-liptauer-art/p/2020005683747
c,Bergbauern Bio-Jogurt Waldbeere,"1,95 €",https://www.interspar.at/shop/lebensmittel/spar-naturpur-bergbauern-bio-jogurt-waldbeere/p/2020004016652
c,Bio-Halloumi Klassik,"3,99 €",https://www.interspar.at/shop/lebensmittel/spar-naturpur-bio-halloumi-klassik/p/2020004718136
c,Bio-Jogurt Griechischer Art 10% Fett,"1,59 €",https://www.interspar.at/shop/lebensmittel/spar-naturpur-bio-jogurt-griechischer-art-10-fett/p/2020002968472
c,Bio-Buttermilch Erdbeere,"1,69 €",https://www.interspar.at/shop/lebensmittel/spar-naturpur-bio-buttermilch-erdbeere/p/2020001628735
c,Latte Macchiato,"0,85 €",https://www.interspar.at/shop/lebensmittel/s-budget-latte-macchiato/p/7832321
c,Heringsalat Rote Rübe,"1,99 €",https://www.interspar.at/shop/lebensmittel/s-budget-heringsalat-rote-ruebe/p/2020003260728
c,Buttermilch laktosefrei,"0,75 €",https://www.interspar.at/shop/lebensmittel/spar-free-from-buttermilch-laktosefrei/p/2889832
c,Hühner Filets gebacken 2 Stück,"4,29 €",https://www.interspar.at/shop/lebensmittel/spar-feine-kueche-huehner-filets-gebacken-2-stueck/p/7407840
c,Bio-Jogurt Vanille,"0,79 €",https://www.interspar.at/shop/lebensmittel/spar-naturpur-bio-jogurt-vanille/p/6753672
c,Kürbissuppe,"3,99 €",https://www.interspar.at/shop/lebensmittel/spar-premium-edition-johanna-maier-kuerbissuppe/p/6031305
c,Griechischer Bio-Ziegenkäse Natur,"2,79 €",https://www.interspar.at/shop/lebensmittel/spar-naturpur-griechischer-bio-ziegenkaese-natur/p/2020005329461
c,Tramezzini Aufstrich Schinken,"1,99 €",https://www.interspar.at/shop/lebensmittel/s-budget-tramezzini-aufstrich-schinken/p/2020005415423
c,Cremejogurt Exotik,"0,45 €",https://www.interspar.at/shop/lebensmittel/s-budget-cremejogurt-exotik/p/1386943
c,Faschierte Laibchen mit Stampfkartoffeln,"3,49 €",https://www.interspar.at/shop/lebensmittel/spar-feine-kueche-faschierte-laibchen-mit-stampfkartoffeln/p/2020001361175
c,Bio-Buttermilch Orange-Banane,"1,69 €",https://www.interspar.at/shop/lebensmittel/spar-naturpur-bio-buttermilch-orange-banane/p/2020004164162
c,Speisetopfen mager laktosefrei,"0,99 €",https://www.interspar.at/shop/lebensmittel/spar-free-from-speisetopfen-mager-laktosefrei/p/7613449
c,Mezzelune mit Speck & Brie,"3,49 €",https://www.interspar.at/shop/lebensmittel/spar-premium-edition-johanna-maier-mezzelune-mit-speck-brie/p/2020005341142
c,Gorgonzola g.U. dolce,"2,59 €",https://www.interspar.at/shop/lebensmittel/spar-premium-gorgonzola-gu-dolce/p/2020004518323
c,Ravioli Bufala mit Büffelmilch-Ricotta & Spinat,"3,49 €",https://www.interspar.at/shop/lebensmittel/spar-premium-edition-johanna-maier-ravioli-bufala-mit-bueffelmilch-ricotta-spinat/p/2020001535583
c,vegane Bratwürstel classic,"3,99 €",https://www.interspar.at/shop/lebensmittel/spar-veggie-vegane-bratwuerstel-classic/p/2020004646033
c,"Bio-Naturjogurt 0,1% Fett aus Wiesenmilch","0,87 €",https://www.interspar.at/shop/lebensmittel/spar-naturpur-bio-naturjogurt-01-fett-aus-wiesenmilch/p/5343867
c,Veganer Bio-Cremiger Griechische Kräuter,"3,99 €",https://www.interspar.at/shop/lebensmittel/spar-veggie-veganer-bio-cremiger-griechische-kraeuter/p/2020003690549
c,Vegane Guacamole,"1,99 €",https://www.interspar.at/shop/lebensmittel/spar-veggie-vegane-guacamole/p/2945828
c,Frischkäse- Zubereitung Kren,"1,29 €",https://www.interspar.at/shop/lebensmittel/s-budget-frischkaese-zubereitung-kren/p/2020003984181
c,Grana Padano gehobelt,"2,39 €",https://www.interspar.at/shop/lebensmittel/despar-grana-padano-gehobelt/p/2020003278495
c,Kaffee-Roulade,"1,99 €",https://www.interspar.at/shop/lebensmittel/s-budget-kaffee-roulade/p/7082344
c,Linzerkipferl,"8,99 €",https://www.interspar.at/shop/lebensmittel/interspar-backstube-linzerkipferl/p/1050042
c,Knäckebrot-Vollkorn-Snack Rosmarin & Meersalz,"1,75 €",https://www.interspar.at/shop/lebensmittel/spar-premium-knaeckebrot-vollkorn-snack-rosmarin-meersalz/p/2020002988869
c,Bio-Cracker Natur,"1,99 €",https://www.interspar.at/shop/lebensmittel/spar-naturpur-bio-cracker-natur/p/2020004696533
c,Weizenvollkorn-Knäckebrot Käse & Kürbiskern,"2,35 €",https://www.interspar.at/shop/lebensmittel/spar-premium-weizenvollkorn-knaeckebrot-kaese-kuerbiskern/p/7513244
c,Mehrkornbrötchen zum Fertigbacken 6 Stk,"1,19 €",https://www.interspar.at/shop/lebensmittel/s-budget-mehrkornbroetchen-zum-fertigbacken-6-stk/p/2020003266744
c,"Grissini con ""Cipolla Rossa di Tropea Calabria IGP""","2,99 €",https://www.interspar.at/shop/lebensmittel/spar-premium-grissini-con-cipolla-rossa-di-tropea-calabria-igp/p/2020003787928
c,Teegebäck in der Silberdose,"19,99 €",https://www.interspar.at/shop/lebensmittel/interspar-backstube-teegebaeck-in-der-silberdose/p/2499284
c,Laugenstangerl,"0,99 €",https://www.interspar.at/shop/lebensmittel/interspar-backstube-laugenstangerl/p/7904233
c,Bio-Laugenbreze,"1,39 €",https://www.interspar.at/shop/lebensmittel/spar-naturpur-bio-laugenbreze/p/2020003447693
c,Bio-Dinkel-Würfel für ca. 6 Knödel,"2,29 €",https://www.interspar.at/shop/lebensmittel/spar-naturpur-bio-dinkel-wuerfel-fuer-ca-6-knoedel/p/2020003217838
c,Topfenstrudel,"2,99 €",https://www.interspar.at/shop/lebensmittel/s-budget-topfenstrudel/p/2020003900860
c,Bio-Vollkorn-Cracker Dinkel & Käse,"1,95 €",https://www.interspar.at/shop/lebensmittel/spar-naturpur-bio-vollkorn-cracker-dinkel-kaese/p/2020004266910
c,Nuss-Strudel,"2,89 €",https://www.interspar.at/shop/lebensmittel/s-budget-nuss-strudel/p/2020002787042
c,Bio-Kürbiskernweckerl,"1,10 €",https://www.interspar.at/shop/lebensmittel/spar-naturpur-bio-kuerbiskernweckerl/p/2020004862242
c,Nusskranz,"5,49 €",https://www.interspar.at/shop/lebensmittel/interspar-backstube-nusskranz/p/8014078
c,Linzeraugen,"8,99 €",https://www.interspar.at/shop/lebensmittel/interspar-backstube-linzeraugen/p/1050035
c,Jumbo Baguette,"3,29 €",https://www.interspar.at/shop/lebensmittel/interspar-backstube-jumbo-baguette/p/7912054
c,Taralli con Olio Extra Vergine di Oliva (4%),"1,69 €",https://www.interspar.at/shop/lebensmittel/spar-premium-taralli-con-olio-extra-vergine-di-oliva-4/p/2020003965791
c,Bio-Semmelwürfel,"1,49 €",https://www.interspar.at/shop/lebensmittel/spar-naturpur-bio-semmelwuerfel/p/2020003205781
c,Steinofenbaguette,"3,49 €",https://www.interspar.at/shop/lebensmittel/interspar-backstube-steinofenbaguette/p/7914300
c,Mini Schnecken,"2,49 €",https://www.interspar.at/shop/lebensmittel/s-budget-mini-schnecken/p/2020004008039
c,Strudelini,"3,29 €",https://www.interspar.at/shop/lebensmittel/despar-strudelini/p/2020002938765
c,Butter-Brioche,"4,99 €",https://www.interspar.at/shop/lebensmittel/spar-premium-butter-brioche/p/2020005699625
c,Grissini con Olio d´Oliva,"2,99 €",https://www.interspar.at/shop/lebensmittel/spar-premium-grissini-con-olio-doliva/p/2020001074310
c,Bio-Knäckebrot Vollkorn,"1,95 €",https://www.interspar.at/shop/lebensmittel/spar-naturpur-bio-knaeckebrot-vollkorn/p/2020002396794
c,Grissini Integrali,"2,99 €",https://www.interspar.at/shop/lebensmittel/spar-premium-grissini-integrali/p/2020001074341
c,Bio- Haferweckerl glutenfrei & laktosefrei,"2,99 €",https://www.interspar.at/shop/lebensmittel/spar-free-from-bio-haferweckerl-glutenfrei-laktosefrei/p/2020004445308
c,Linzermischung,"9,99 €",https://www.interspar.at/shop/lebensmittel/interspar-backstube-linzermischung/p/2020004788740
c,Bio-Matzenfladenbrot,"1,99 €",https://www.interspar.at/shop/lebensmittel/spar-vital-bio-matzenfladenbrot/p/2020003047800
c,Bio-Saaten-Crisps Dinkel & Roggen,"2,99 €",https://www.interspar.at/shop/lebensmittel/spar-naturpur-bio-saaten-crisps-dinkel-roggen/p/2020004770233
c,Bio-Linsen-Snack glutenfrei,"1,99 €",https://www.interspar.at/shop/lebensmittel/spar-vital-bio-linsen-snack-glutenfrei/p/2020005353879
c,Teegebäck gemischt,"14,99 €",https://www.interspar.at/shop/lebensmittel/interspar-backstube-teegebaeck-gemischt/p/1050011
c,Panini Soffici 4 Stück,"1,49 €",https://www.interspar.at/shop/lebensmittel/despar-panini-soffici-4-stueck/p/2020005357945
c,Krapfen Marille,"0,69 €",https://www.interspar.at/shop/lebensmittel/s-budget-krapfen-marille/p/2020000951414
c,Bio-Cracker Kurkuma & Leinsamen,"2,49 €",https://www.interspar.at/shop/lebensmittel/spar-naturpur-bio-cracker-kurkuma-leinsamen/p/2020004696588
c,Topfenblume,"3,99 €",https://www.interspar.at/shop/lebensmittel/interspar-backstube-topfenblume/p/2020004640529
c,Nero-Polo Keks-Mischung,"8,99 €",https://www.interspar.at/shop/lebensmittel/interspar-backstube-nero-polo-keks-mischung/p/2020005377196
c,Esterhazyschnitte,"5,98 €",https://www.interspar.at/shop/lebensmittel/interspar-backstube-esterhazyschnitte/p/2020003201370
c,Bio-Roggenbrot,"3,99 €",https://www.interspar.at/shop/lebensmittel/spar-naturpur-bio-roggenbrot/p/2304199
c,"Toastbrot glutenfrei, laktosefrei","2,99 €",https://www.interspar.at/shop/lebensmittel/spar-free-from-toastbrot-glutenfrei-laktosefrei/p/2020005718234
c,Semmelbrösel glutenfrei,"2,99 €",https://www.interspar.at/shop/lebensmittel/spar-free-from-semmelbroesel-glutenfrei/p/2020001592111
c,Mohnkipferl,"1,99 €",https://www.interspar.at/shop/lebensmittel/s-budget-mohnkipferl/p/2020003383427
c,Bio-Körnerweckerl glutenfrei & laktosefrei 4 Stück,"3,19 €",https://www.interspar.at/shop/lebensmittel/spar-free-from-bio-koernerweckerl-glutenfrei-laktosefrei-4-stueck/p/2020003942242
c,Zwieback,"1,10 €",https://www.interspar.at/shop/lebensmittel/s-budget-zwieback/p/2020001537396
c,Bio-Roggenbrot backofenfrisch,"3,29 €",https://www.interspar.at/shop/lebensmittel/spar-premium-edition-johanna-maier-bio-roggenbrot-backofenfrisch/p/2020000709602
c,Cuscinetti croccanti sardi,"1,49 €",https://www.interspar.at/shop/lebensmittel/despar-cuscinetti-croccanti-sardi/p/2020004349934
c,Bio-Vollkorn-Brösel,"1,65 €",https://www.interspar.at/shop/lebensmittel/spar-naturpur-bio-vollkorn-broesel/p/2020004156815
c,Knusper-Sticks Käse & Gartenkräuter,"1,85 €",https://www.interspar.at/shop/lebensmittel/spar-premium-knusper-sticks-kaese-gartenkraeuter/p/2020003109805
c,Pergamena di Pane Guttiau al Rosmarino,"2,99 €",https://www.interspar.at/shop/lebensmittel/spar-premium-pergamena-di-pane-guttiau-al-rosmarino/p/2020004381484
c,Nuss- Küsschen 20 Stück,"2,69 €",https://www.interspar.at/shop/lebensmittel/s-budget-nuss-kuesschen-20-stueck/p/2020003798443
c,Bio-Hülsenfrüchte-Snack glutenfrei,"1,99 €",https://www.interspar.at/shop/lebensmittel/spar-vital-bio-huelsenfruechte-snack-glutenfrei/p/2020005353732
c,Knäckebrot Roggenvollkorn Sesam,"1,29 €",https://www.interspar.at/shop/lebensmittel/s-budget-knaeckebrot-roggenvollkorn-sesam/p/2020001332380
c,Bio-Kartoffelzöpferl,"1,15 €",https://www.interspar.at/shop/lebensmittel/spar-naturpur-bio-kartoffelzoepferl/p/2020005683716
c,Nusskipferl,"1,99 €",https://www.interspar.at/shop/lebensmittel/s-budget-nusskipferl/p/2020003383526
c,Knäckebrot-Eiweiss-Snack Sesam & Leinsamen,"1,75 €",https://www.interspar.at/shop/lebensmittel/spar-premium-knaeckebrot-eiweiss-snack-sesam-leinsamen/p/2020002988876
c,Bio-Knäckebrot mit Bio-Saatenmischung,"1,95 €",https://www.interspar.at/shop/lebensmittel/spar-naturpur-bio-knaeckebrot-mit-bio-saatenmischung/p/2020005308763
c,feine Dinkel-Himbeeraugen nach Wiener Tradition,"5,99 €",https://www.interspar.at/shop/lebensmittel/spar-premium-feine-dinkel-himbeeraugen-nach-wiener-tradition/p/2020004838384
c,Mohn-Strudel,"2,89 €",https://www.interspar.at/shop/lebensmittel/s-budget-mohn-strudel/p/2020002787004
c,Orig. Südtiroler Schüttelbrot 2 Stück,"2,79 €",https://www.interspar.at/shop/lebensmittel/spar-premium-orig-suedtiroler-schuettelbrot-2-stueck/p/8212078
c,Bio-Semmelbrösel,"1,85 €",https://www.interspar.at/shop/lebensmittel/spar-naturpur-bio-semmelbroesel/p/2020002565008
c,Knusper-Sticks Kümmel & Meersalz,"1,85 €",https://www.interspar.at/shop/lebensmittel/spar-premium-knusper-sticks-kuemmel-meersalz/p/2020003109850
c,Mischbrot dunkel geschnitten,"1,19 €",https://www.interspar.at/shop/lebensmittel/s-budget-mischbrot-dunkel-geschnitten/p/2020003624339
c,Pane Guttiau,"3,29 €",https://www.interspar.at/shop/lebensmittel/spar-premium-pane-guttiau/p/2020002652319
c,Bio-Dinkel-Brösel,"2,59 €",https://www.interspar.at/shop/lebensmittel/spar-naturpur-bio-dinkel-broesel/p/2020003217876
c,Bio-Weckerl mit Bio-Sauerteig 4 Stück,"1,79 €",https://www.interspar.at/shop/lebensmittel/spar-naturpur-bio-weckerl-mit-bio-sauerteig-4-stueck/p/2020004023483
c,feine Dinkel-Linzer Kipferl nach Wiener Tradition,"5,99 €",https://www.interspar.at/shop/lebensmittel/spar-premium-feine-dinkel-linzer-kipferl-nach-wiener-tradition/p/2020004838407
c,Weckerl High Protein & Lower Carb 4 Stück,"1,99 €",https://www.interspar.at/shop/lebensmittel/spar-vital-weckerl-high-protein-lower-carb-4-stueck/p/2020004908988
c,Bio-Knusperbrot Mais & Reis glutenfrei & laktosefrei 6 x 25g,"2,19 €",https://www.interspar.at/shop/lebensmittel/spar-free-from-bio-knusperbrot-mais-reis-glutenfrei-laktosefrei-6-x-25g/p/2020001221592
c,Knäckebrot Roggenvollkorn Classic,"1,29 €",https://www.interspar.at/shop/lebensmittel/s-budget-knaeckebrot-roggenvollkorn-classic/p/2020001332434
c,Crostata Farcitura ai Frutti di Bosco,"3,99 €",https://www.interspar.at/shop/lebensmittel/s-budget-crostata-farcitura-ai-frutti-di-bosco/p/2020005343016
c,Steinofenlaib,"2,49 €",https://www.interspar.at/shop/lebensmittel/spar-steinofenlaib/p/2020004897985
c,Butterzopf,"3,39 €",https://www.interspar.at/shop/lebensmittel/spar-butterzopf/p/7321429
c,Krustenbrot geschnitten,"1,59 €",https://www.interspar.at/shop/lebensmittel/spar-krustenbrot-geschnitten/p/2020003624360
c,Semmelwürfel,"1,15 €",https://www.interspar.at/shop/lebensmittel/spar-semmelwuerfel/p/2020004913807
c,Extra Soft Sandwich,"1,89 €",https://www.interspar.at/shop/lebensmittel/spar-extra-soft-sandwich/p/2797717
c,Bäckerbrötchen 6 Stück,"1,69 €",https://www.interspar.at/shop/lebensmittel/spar-baeckerbroetchen-6-stueck/p/5869923
c,Tempura Backteig - Mischung,"2,99 €",https://www.interspar.at/shop/lebensmittel/spar-asia-tempura-backteig-mischung/p/2020005584532
c,Französische Baguette-Brötchen 6 x 50g,"1,49 €",https://www.interspar.at/shop/lebensmittel/spar-franzoesische-baguette-broetchen-6-x-50g/p/2020004675842
c,Buttertoast,"2,49 €",https://www.interspar.at/shop/lebensmittel/spar-buttertoast/p/7266638
